CustomerKey,CustomerName,Email,City,Country
1,Christie Myers,christophermarshall@taylor-robinson.net,West Todd,Australia
2,Jacob Hamilton,nmunoz@gmail.com,Lake Amy,Australia
3,Gary Cooper,shannon45@cooley.com,Port William,Australia
4,Michelle King,ronaldcunningham@hess.biz,New Jennifer,Australia
5,Tommy Gomez Jr.,webbmaria@hotmail.com,Rachelport,Australia
6,Jeremy Stein,riley17@reynolds-wright.com,West Terry,Australia
7,Barbara Harmon,bcunningham@yahoo.com,Jonesstad,Australia
8,Brent Cooper,simondonald@gmail.com,Josephbury,Australia
9,Kim Chase,tgarner@howard.org,Lake Samanthafurt,Australia
10,Cameron Madden,spencerserrano@marks-griffin.biz,Carlmouth,Australia
11,Marvin Reed MD,aaronrichardson@yahoo.com,Whiteshire,Australia
12,Jordan Ramirez,romeroderek@thompson.biz,West Jeanette,Australia
13,Tim Hinton,alexis29@perez-mcpherson.net,East Donald,Australia
14,Mackenzie Ponce,mason51@arellano.biz,South Colefurt,Australia
15,Dana Johnson,imoran@yahoo.com,Jasonburgh,Australia
16,Jesse Clayton,antoniofleming@gmail.com,Lopezborough,Australia
17,Andres Fernandez,davidgood@yahoo.com,Kevinview,Australia
18,Jeremy Moreno,aguilarjohn@parrish.com,Tiffanyberg,Australia
19,Adam Allen,rebeccajones@yahoo.com,Michaelmouth,Australia
20,Sonia Dixon,jennifer15@gmail.com,Jennifershire,Australia
21,Michael Elliott,steven96@yahoo.com,Millerland,Australia
22,Morgan Wells,davissarah@hotmail.com,West Jacobchester,Australia
23,Daniel Williams,amcdaniel@lucas.com,Smithland,Australia
24,Kathy Lindsey,zcarpenter@atkins.com,Sherritown,Australia
25,Linda Jackson,robert21@yahoo.com,Kathleenchester,Australia
26,Phyllis Nichols,itucker@simpson-thomas.net,Davidmouth,Australia
27,Brandon Howard,gcampbell@wagner.net,East Jose,Australia
28,Carolyn Gonzalez,jamesramos@king-reese.org,Michaelport,Australia
29,Sheila Thornton,lisabennett@hotmail.com,Kelleyton,Australia
30,Benjamin Harris,hknox@gmail.com,Cliffordville,Australia
31,Elizabeth Arnold,crollins@hotmail.com,South Pamela,Australia
32,Alexis Cooper,mcculloughbenjamin@mcintyre-ortega.com,Jessicafort,Australia
33,Karen Smith,itorres@martin.com,New Edward,Australia
34,Ronald Shepherd,phoffman@yahoo.com,Lake Tony,Australia
35,Lisa Evans,gsoto@cardenas.com,Yolandaside,Australia
36,Brian Long,normanheather@gibson-snow.info,Fostertown,Australia
37,Summer Johnston,griffiththeresa@hotmail.com,Thomasview,Australia
38,Jessica Edwards,donna09@gmail.com,Wilsonland,Australia
39,Christopher Chen,glovermatthew@yahoo.com,North Ethanborough,Australia
40,Andrew Thomas,nking@yahoo.com,Hernandezfurt,Australia
41,David Rogers,taylorrobert@hotmail.com,Williamfurt,Australia
42,Joshua Edwards,hsmith@gmail.com,Lake Steventon,Australia
43,Karen Mitchell,zedwards@graham.com,Maryhaven,Australia
44,Rachael Travis,dylanschwartz@yahoo.com,Nunezbury,Australia
45,Sharon Cox,martinezsusan@hotmail.com,Rodriguezland,Australia
46,Anna Gardner,ericcastro@keller.com,West Rhondaside,Australia
47,Melinda Ray,ronald00@simmons.com,Myersfurt,Australia
48,Ian Marshall,carmen19@yahoo.com,Port Maryhaven,Australia
49,Fernando Mills,mrobinson@yahoo.com,Garciaberg,Australia
50,Stephanie Martin,randyvelazquez@hotmail.com,Georgetown,Australia
51,Debra Pierce,sharonbell@yahoo.com,Lake Michelleport,Australia
52,Nathaniel Reyes,maxwellbethany@vazquez.com,New Ashleyhaven,Australia
53,Melissa Johnson,jimenezalice@yahoo.com,Port Daniel,Australia
54,Michelle Robinson,gonzalezjohn@smith-sims.net,West Michael,Australia
55,Christian Williams,priscillafisher@gonzalez.org,Port Tracy,Australia
56,Jennifer Gibson,crystal85@hernandez-reeves.com,Crawfordland,Australia
57,Joseph Good,wilsonmikayla@johnson-smith.com,New Wendyberg,Australia
58,Samantha Tyler,michael50@hotmail.com,Port Karenside,Australia
59,Bridget Luna,christinecummings@gmail.com,Lake Gregory,Australia
60,Heather Ortiz,susanjuarez@gmail.com,Port Robertmouth,Australia
61,Michael Boyd,pbeck@hotmail.com,North Barbara,Australia
62,Paul Reynolds,erin33@jensen-williams.net,Melanieville,Australia
63,Emily Richmond,millerheidi@chambers.com,Millerborough,Australia
64,Christopher Hunt,melissajones@yahoo.com,Burnsborough,Australia
65,Stacy Fletcher,sanchezjessica@chavez.info,Richardton,Australia
66,Randall Willis,fcardenas@robbins.biz,Jasonview,Australia
67,Richard Brown,hschultz@sweeney.com,Pattersonfort,Australia
68,Michael Taylor,smithdanielle@yahoo.com,Moralesside,Australia
69,Nicholas Mcclure,johncannon@frazier.net,Wheelerburgh,Australia
70,Micheal Huber,buckleyteresa@collins.com,Justinview,Australia
71,Christopher Hendrix,kelsey64@gmail.com,Lake Jeffrey,Australia
72,Amber Williams,wjackson@yahoo.com,Ebonyport,Australia
73,Jennifer Walter,mrichards@hotmail.com,North Angiechester,Australia
74,Mrs. Karen Owens DDS,jeremiah62@martinez.com,Zacharyport,Australia
75,Tracy Jackson,mcgrathdaisy@carrillo.net,North Darleneport,Australia
76,Lee Carson,roberto14@yahoo.com,Carriestad,Australia
77,Jeffrey Brown MD,mercerlucas@gmail.com,New Robertville,Australia
78,Jennifer Juarez,timothy53@hotmail.com,Lake Vicki,Australia
79,Sarah Bennett,myersjason@cook.org,South Lindaville,Australia
80,Michelle Miller,allenjennifer@yahoo.com,Lake Elizabeth,Australia
81,Alec Stewart,pearsonnicholas@bowers-montgomery.org,Port Justin,Australia
82,Meagan Brown,ulopez@hotmail.com,Whiteton,Australia
83,Dr. Robyn Garcia,psullivan@gmail.com,West Alexanderberg,Australia
84,Ashley Black,ylee@robbins.com,South Linda,Australia
85,Ariel Brown,ramireztraci@yahoo.com,Valenciaport,Australia
86,Jacob Gill,uedwards@fox.net,North Kristin,Australia
87,Lisa Maxwell,karen24@gmail.com,Millerton,Australia
88,Jennifer Chavez,wattsbrandon@frank.com,Lake Petershire,Australia
89,David Rodriguez,shaunosborne@jackson.com,Michaelfort,Australia
90,Megan Smith,sharon99@gmail.com,Matthewstad,Australia
91,Jacob Davis,norrisnicholas@hotmail.com,Codyton,Australia
92,Lisa Bowman,kathryn94@hotmail.com,Jimenezport,Australia
93,Stephen Brown,amills@gmail.com,New Amy,Australia
94,Timothy Peters,smithtammy@casey.com,Clarkfort,Australia
95,Gavin Stokes,sheila98@gmail.com,Angelton,Australia
96,David Bailey,dsims@francis.com,Port Christopher,Australia
97,Dr. Elizabeth Ellis,waltontabitha@chan-newton.org,Port Terri,Australia
98,Susan Burns DDS,kennedyryan@cooper.com,New Andrewhaven,Australia
99,Tommy Roman,danielherrera@gmail.com,Lake Crystalbury,Australia
100,Melissa Callahan,alyssa27@torres.net,East Margaret,Australia
101,Ann Freeman,schmidtmichael@gmail.com,West Deborahmouth,Australia
102,Samuel Graham,kbruce@grant.com,Brownton,Australia
103,Luis Johnson,parsonscharles@sanchez.com,New Hollyberg,Australia
104,Victoria Smith,anthony28@hotmail.com,Brownville,Australia
105,Mackenzie Smith,rnewman@hotmail.com,Christinestad,Australia
106,Penny Marquez,danielmichael@kelly.com,Susanmouth,Australia
107,Gina Stevens,harrelldeborah@tapia.com,Steelestad,Australia
108,Patrick Montes,davenportstephanie@gmail.com,Erikport,Australia
109,Gary Bruce,alexanderscott@gmail.com,Elizabethside,Australia
110,Sean Banks,monica03@thomas.com,Port Matthewmouth,Australia
111,Brittany Hanson,sandovaljason@gmail.com,Petersfurt,Australia
112,John Cole,mirandasmith@williams.biz,Lake Lori,Australia
113,Ricky Mccall,melissa76@ortiz-gonzalez.com,Chadview,Australia
114,Shannon Sanchez,julieserrano@yahoo.com,Jimenezbury,Australia
115,John Robinson,udavis@hotmail.com,Adkinstown,Australia
116,Stephanie Williams,victor29@yahoo.com,New Xavierbury,Australia
117,Nicholas Smith,nblackwell@roman.info,Brooksmouth,Australia
118,Amber Lopez,tskinner@baxter-lewis.org,Danielshire,Australia
119,Brianna Walls,qwright@bailey.com,West William,Australia
120,Dan Juarez,robertparker@cannon.com,Floresland,Australia
121,Warren Davis,robert65@davis.com,South Randall,Australia
122,Robert Rose,pmartinez@hotmail.com,East David,Australia
123,Veronica Foster,mooretamara@hotmail.com,Lambstad,Australia
124,Lindsay Wood,deborahparks@yahoo.com,Maciasshire,Australia
125,Jennifer Mcdonald,daniel22@johnston.com,Port Tony,Australia
126,Marissa Ortiz,margaretsalazar@yahoo.com,Joport,Australia
127,Daniel Petersen,valentinemark@haynes.com,Campbellmouth,Australia
128,John Gutierrez,lisa06@smith.com,Zacharyton,Australia
129,Danny Mcdaniel,yfreeman@holland-mccarthy.com,Tiffanyborough,Australia
130,Elizabeth Simmons,mdurham@hart.biz,Lake Jessicashire,Australia
131,Bridget Davis,brownjeremy@baker.com,South Bridgetview,Australia
132,Andrew Lane,frank55@yahoo.com,South Nancy,Australia
133,Jason Atkinson,josborne@wilson.com,Port Susanton,Australia
134,Justin Hinton,dgardner@yahoo.com,New Charlesburgh,Australia
135,Jason Walsh,sydneyjones@hotmail.com,West Steven,Australia
136,Gina Foster PhD,zimmermanerika@gmail.com,Peterstad,Australia
137,Maria Mooney,laurawashington@sanders.com,East Aprilburgh,Australia
138,Laura Hale,michaelgriffin@reed-bailey.org,Forbeshaven,Australia
139,Eric Andrade,perkinsjoshua@carroll.biz,Williamville,Australia
140,Chelsea Underwood,eduardo21@armstrong.org,Sandraland,Australia
141,Michael Patterson,smcintyre@davenport.biz,North Amyberg,Australia
142,Jason Hamilton,mary34@yahoo.com,Garciaville,Australia
143,Jacqueline Brown,webbpatrick@maldonado.info,Brianchester,Australia
144,Samantha Miller,rford@campbell.org,Smithfurt,Australia
145,Grace Wells,hansennicole@stewart-walters.com,Maryview,Australia
146,Bryan Woods,nfowler@gmail.com,Sharonchester,Australia
147,Christine Boone,noah66@rice.org,Mccartyfurt,Australia
148,Amy Simon,evanskayla@hotmail.com,Laurieberg,Australia
149,Brittney Livingston,elliskristin@olson.net,South John,Australia
150,Melissa Larson,berryvanessa@barnes.net,East Robert,Australia
151,Dennis Mcdaniel,catherinethomas@hotmail.com,West Kristinborough,Australia
152,Rebecca Hall,jacquelinemyers@bush.com,Loriburgh,Australia
153,Chelsea Swanson,christopherdavis@allen-figueroa.org,West Mike,Australia
154,Hannah Gomez,allenkelsey@gmail.com,North Debraside,Australia
155,Dana Anderson,denisetate@garrett.com,Lake Yolandaborough,Australia
156,Kathy Sanchez,thomas68@hotmail.com,New Jefffort,Australia
157,Elizabeth Avila,peter26@colon-compton.org,Richardland,Australia
158,Mary Morrison,rodriguezdavid@hotmail.com,West Dannyside,Australia
159,Micheal Rodriguez,ganderson@yahoo.com,Joshuaton,Australia
160,Hannah Cisneros,jennifer53@hotmail.com,Hudsonborough,Australia
161,Karina Sanders,kwilson@yahoo.com,Crawfordview,Australia
162,Chris Patterson,mayotodd@johnston.info,New Yvonneview,Australia
163,Amy Hamilton,shannonmora@yahoo.com,South Lisa,Australia
164,Tiffany Nolan,moniqueneal@hotmail.com,Jamesborough,Australia
165,Carrie Wright,george13@ortega.com,North Shannon,Australia
166,Jennifer Holmes,hrobinson@roth-bailey.com,Lake Nicolechester,Australia
167,Debra Ingram,lisaburton@rogers-wallace.com,Port Matthew,Australia
168,Cindy James,davisderek@hotmail.com,South Christopher,Australia
169,Stephen Jones,brhodes@gmail.com,Bradleyborough,Australia
170,Rebecca Thomas,anthony07@gray-mcconnell.info,Williamsside,Australia
171,Robin Hamilton,martinezalex@yahoo.com,Thomasborough,Australia
172,John Garcia,hendersonshannon@kelly.org,South Joel,Australia
173,Kaitlyn Lopez,vjackson@ross-cooper.com,Hesschester,Australia
174,Kelly Wright,orangel@yahoo.com,East Melissaborough,Australia
175,Colin Hudson,john06@wheeler-gilbert.biz,North Rebeccatown,Australia
176,Jenna Mendez,nealsheri@gmail.com,South Kimberlymouth,Australia
177,Alexander Hess,paulthomas@williams.com,Andrewland,Australia
178,Sherri Ramirez,nkennedy@acosta.org,West Jonathanbury,Australia
179,Daniel Lopez,kimberlyrussell@gmail.com,Port Wendy,Australia
180,Ricky Walker,youngsherry@lee.com,East Rebeccahaven,Australia
181,Jamie Norman,dgray@hotmail.com,North Justin,Australia
182,Paula Hall,mccalljohn@hotmail.com,Danielside,Australia
183,Heather Lane,chungjohn@gmail.com,Lake Angela,Australia
184,Luis Greene,sharon16@floyd-roach.net,Cruzshire,Australia
185,Kimberly Pacheco,adamsjaime@nelson.com,Lake Austin,Australia
186,Mr. Thomas Randall,ugutierrez@baker-brandt.com,Jonestown,Australia
187,Joel Tucker,amy98@brown-kim.biz,Johnsonfort,Australia
188,Brandon Evans,tblanchard@bennett.org,South Mary,Australia
189,Jessica Norris,lori63@garcia.com,New Sydney,Australia
190,Jason Jones,qguzman@evans-johnson.com,Port Robert,Australia
191,Devin Rodriguez,monicablackburn@gomez.com,South Kellyhaven,Australia
192,Mrs. Janet Dillon,jillford@gmail.com,Lake Angelafort,Australia
193,Brett Pierce,turnerangela@gmail.com,North Chelseachester,Australia
194,Grace Garcia,rjones@yahoo.com,Wattsstad,Australia
195,Melanie Mccullough,sanchezsamuel@gmail.com,Lake Andrew,Australia
196,Regina Brown,melissa44@hotmail.com,East Jacobtown,Australia
197,Alicia Bryant,barbaralawson@morris.com,New Corey,Australia
198,Gregory Owens,jeremycarey@miller.info,Port Jessicaborough,Australia
199,Shannon Navarro,jessica85@yahoo.com,East Rodney,Australia
200,Megan Bennett,marshallnichole@hotmail.com,East Adamchester,Australia
